date,day,model,risk_of_additional_cases,monte_carlo_standard_error,risk_of_sustained_transmission,sustained_transmission_monte_carlo_standard_error
2018-04-06,1,sse,0.28520188848443107,0.0008113761861760789,0.07870168557418122,0.0014522461042016399
2018-04-07,2,sse,0.28290763743100766,0.0007606573973593224,0.07698069069521407,0.0012506970862482152
2018-04-08,3,sse,0.49514190580603956,0.0009114421013517333,0.15852359835431484,0.0018594117711292534
2018-04-09,4,sse,0.48759955192901294,0.0011768811059723497,0.1519419633191753,0.0020222136734982625
2018-04-10,5,sse,0.475764372362365,0.0011100046550304775,0.1464243925405848,0.001478985516522678
2018-04-11,6,sse,0.4650363304897883,0.000966979590149324,0.14166720923365306,0.0008670985224683098
2018-04-12,7,sse,0.8218486596067054,0.0008890973939279188,0.35455238139280865,0.0027036569862240326
2018-04-13,8,sse,0.8749169975575972,0.0016026481633146354,0.4187155986945499,0.00893920340222255
2018-04-14,9,sse,0.8678265800271059,0.0003873870503823256,0.4035578668689733,0.0004672305215987115
2018-04-15,10,sse,0.8586025626417859,0.0006689361358372027,0.39062811577997114,0.0026562779786790344
2018-04-16,11,sse,0.8465396977654256,0.0002498037320178262,0.38365412391273856,0.002274734016304748
2018-04-17,12,sse,0.8312480236018438,0.002094929920242468,0.36366256469563407,0.007403949636157032
2018-04-18,13,sse,0.8721338470843418,0.0005990329647651872,0.4044539673856643,0.0011491489545162902
2018-04-19,14,sse,0.9039590901672104,0.0008644236134650111,0.4459626914696382,0.004813650081768681
2018-04-20,15,sse,0.926509579250174,0.0007581560491165346,0.48014652011541403,0.0023788630822602526
2018-04-21,16,sse,0.9433071807114308,0.00033544272062376675,0.5060674999403842,0.0027881293284882044
2018-04-22,17,sse,0.9347698015789544,0.0003653812106749771,0.49049383085736853,0.0031396850437452354
2018-04-23,18,sse,0.9491906623423311,0.0005377623112950723,0.5245721563272489,0.005117880822068334
2018-04-24,19,sse,0.9596141444803006,0.0004410034471957266,0.5455788221719662,0.004651393131978552
2018-04-25,20,sse,0.9679570022205146,0.00017490617655734503,0.5654915680521475,0.0032648480239629366
2018-04-26,21,sse,0.9606939275366358,0.0001691848787956082,0.5389128489837389,0.002027806079106661
2018-04-27,22,sse,0.9677624971313914,0.00011866382921774746,0.5602821267609159,0.002534302095465661
2018-04-28,23,sse,0.9597057528318036,0.0001763135330715001,0.5326410484136073,0.0032208541311871965
2018-04-29,24,sse,0.9497307793112673,0.0004511491149089294,0.4978094178115856,0.0017792376736000225
2018-04-30,25,sse,0.9387924310780972,0.00023977076841552166,0.4685114767857357,0.002804542192714469
2018-05-01,26,sse,0.9658688828703424,0.0004474455300022476,0.5366674438287227,0.007812327992711445
2018-05-02,27,sse,0.9573123672265745,0.00031362818410834536,0.5108340021384572,0.0037187312447696007
2018-05-03,28,sse,0.9757547711696949,0.0002786846221059717,0.5670654140104053,0.0028947692212175154
2018-05-04,29,sse,0.9973849292753156,7.765624131335472e-05,0.7436996646332201,0.0036868095928094843
2018-05-05,30,sse,0.998487013435347,2.412262612476424e-05,0.7700592957777067,0.0029863622854879378
2018-05-06,31,sse,0.9986665626858616,1.0088217198582901e-05,0.7801408679812263,0.0013808935114746658
2018-05-07,32,sse,0.9987636758152603,4.406500451972699e-05,0.7799466883718783,0.00667350262901335
2018-05-08,33,sse,0.9988481979979028,1.4586887210402163e-05,0.7764473779320133,0.002387462293322968
2018-05-09,34,sse,0.9983267596697678,3.32740596580819e-05,0.7511316784003617,0.0029389613576552447
2018-05-10,35,sse,0.9992305857460022,1.7112478294583174e-05,0.7851458763729648,0.0017278455197239921
2018-05-11,36,sse,0.998852334033937,2.5614351163140188e-05,0.7622214358080281,0.004413875911970688
2018-05-12,37,sse,0.9988094412083424,2.9381624855511448e-05,0.7495837004433943,0.0038733001125328356
2018-05-13,38,sse,0.9991681198429645,1.158359053066002e-05,0.7663221327303467,0.0033250968039872444
2018-05-14,39,sse,0.9994177840821958,1.1522497454447192e-05,0.7837223041172476,0.004606963238085004
2018-05-15,40,sse,0.9997171103455834,3.904322694308989e-06,0.8064633327912729,0.0029197826303831065
2018-05-16,41,sse,0.99986471946982,3.572533928361566e-06,0.8343514190419785,0.0036517612845847116
2018-05-17,42,sse,0.999763583748991,4.822237219828746e-06,0.8040248548515713,0.0032096929771866876
2018-05-18,43,sse,0.9998231471915541,5.1245838970328085e-06,0.8114628084009288,0.004196767733986529
2018-05-19,44,sse,0.9998688729294852,1.2226018848418845e-06,0.8273957051498896,0.0013697286124098706
2018-05-20,45,sse,0.9999284245507438,1.1611130037905634e-06,0.8359672852833755,0.001826940017558731
2018-05-21,46,sse,0.9999412667328601,4.30992265383126e-07,0.8366025175920617,0.0035093632771444746
2018-05-22,47,sse,0.9998944404038816,5.203672844548012e-06,0.8130349659503572,0.0069274589052384416
2018-05-23,48,sse,0.9997968426456562,6.283286820283354e-06,0.780609713852267,0.005790454528301012
2018-05-24,49,sse,0.9996279047181945,4.922688397111246e-06,0.7459649095389019,0.0060442329347683175
2018-05-25,50,sse,0.9993191886557434,3.0756445748192523e-06,0.713122935623431,0.004137250627359883
2018-05-26,51,sse,0.9987335494391145,2.2466907496299283e-05,0.6614329873553588,0.0032516083437022754
2018-05-27,52,sse,0.9978077935166226,1.9932042688555946e-05,0.6331737414455663,0.003802353621118199
2018-05-28,53,sse,0.997432121151578,3.130622819637249e-05,0.6122549196288263,0.0069635157067942845
2018-05-29,54,sse,0.9956305109655696,4.244753082241737e-05,0.568048070424147,0.004323889300041174
2018-05-30,55,sse,0.9929467726337767,4.368867114265752e-05,0.5328491404546696,0.0038402309380183393
2018-05-31,56,sse,0.988762216638733,0.00015344354390460382,0.4874560578220912,0.006257478251585176
2018-06-01,57,sse,0.9826060684555068,5.0166386665788743e-05,0.441252707940189,0.0023550949575412254
2018-06-02,58,sse,0.9822589054368899,0.0001353466218753767,0.4415022510612294,0.00426335864470489
2018-06-03,59,sse,0.9739307512027118,8.404303876465775e-05,0.4006886829515979,0.0028493162286590996
2018-06-04,60,sse,0.9633710104627645,0.0001539635949575989,0.36568577201701113,0.0015980474442301204
2018-06-05,61,sse,0.9496068043674962,0.0002972763420761746,0.3400720413161583,0.0034550098030821496
2018-06-06,62,sse,0.9324254364055792,5.1505955550900364e-05,0.31029051956250153,0.003423988522488299
2018-06-07,63,sse,0.9108271757199562,0.00016868391731748042,0.2729868905544486,0.001380045752349451
2018-06-08,64,sse,0.8857778994177932,0.0006516408212140758,0.24721062151924178,0.003047349250004382
2018-06-09,65,sse,0.8561367337972492,0.0005287925280432159,0.21744843597085062,0.00369825991494374
2018-06-10,66,sse,0.823748396793295,0.0005150002240904026,0.20319725986906867,0.0022346570113420225
2018-06-11,67,sse,0.7870617219303019,0.0003769906815408037,0.17729819558215887,0.0029821168307993637
2018-06-12,68,sse,0.7476050409580444,0.0006434435763564708,0.15869171526675863,0.003719574572996338
2018-06-13,69,sse,0.7058189807783559,0.0004788971890188158,0.14105542437393692,0.0021511355330911057
2018-06-14,70,sse,0.662506959403737,0.0006196972810541777,0.12629289094943674,0.002574598384575078
2018-06-15,71,sse,0.617350607939287,0.0008410542608371786,0.11221592918613632,0.002649768513566544
2018-06-16,72,sse,0.5715605784016584,0.00020940381509016768,0.09747395566342176,0.0009754039299966524
2018-06-17,73,sse,0.5280772723529977,0.00044818212641249873,0.08801742726901196,0.001323883456883958
2018-06-18,74,sse,0.484854759715317,0.00029713297233179735,0.07945109412187046,0.0005617455217210388
2018-06-19,75,sse,0.4417381049672413,0.0006103208645775555,0.06789164061974573,0.001617978035617472
2018-06-20,76,sse,0.4006125729979345,0.0007037185859383572,0.05920546336839494,0.0010409499763862535
2018-06-21,77,sse,0.3620112025927066,0.0009006611020045515,0.05162801054648336,0.002201518040660744
2018-06-22,78,sse,0.3265154251559813,0.0004972241078570783,0.04609704210991439,0.0007592288165802291
2018-06-23,79,sse,0.29215249505721985,0.00021369884058491118,0.03977577484991757,0.0005309835573558948
2018-06-24,80,sse,0.2612049868617534,0.00024297775678924047,0.03504687494344394,0.00034965756033575107
2018-06-25,81,sse,0.2325854954048867,0.00040618098145520917,0.0303670665490261,0.0007903356771540381
2018-06-26,82,sse,0.2065933881056391,0.00020739677229170372,0.026797349026558392,0.0001551389164746494
2018-06-27,83,sse,0.18283034328905068,0.0002387003835494969,0.02323754343391049,0.0004254723201036298
2018-06-28,84,sse,0.16100498605147084,0.00035350635095992726,0.019559961084578137,0.00044696522273502965
2018-06-29,85,sse,0.14216734422735422,0.00019279256604317916,0.01773956248812303,0.00026838358197818653
2018-06-30,86,sse,0.12549980441347264,9.243599260837561e-05,0.016152846626396045,0.0002452633108518074
2018-07-01,87,sse,0.10954601264746011,0.00017715916026555178,0.013371056959211702,0.00026080393498074646
2018-07-02,88,sse,0.09595382968854538,0.00017541611056924952,0.011450876382487651,0.0002126442260824955
2018-07-03,89,sse,0.08400863231881506,0.00010454330852628603,0.010010694212393423,8.222490091385997e-05
2018-07-04,90,sse,0.0734465498968031,0.00012094329901294103,0.008865888947560574,0.00018813717311915573
2018-07-05,91,sse,0.06389864469656503,9.64234109902285e-05,0.007577893933938373,0.00018487218398611046
2018-07-06,92,sse,0.05572812305206232,0.00015009413397196745,0.0066366254924959955,0.00015850122426905227
2018-07-07,93,sse,0.0484695450774576,4.6890923928338784e-05,0.0059186600825358315,6.882198568994473e-05
2018-07-08,94,sse,0.04215560109493344,6.170111731914039e-05,0.0051187839671857915,6.176000999702376e-05
2018-07-09,95,sse,0.03665579900255844,6.0696490825536596e-05,0.00444408567002097,6.878734131283623e-05
2018-07-10,96,sse,0.031650083460673106,2.3026946117583136e-05,0.003736160128789412,2.990842880670392e-05
2018-07-11,97,sse,0.027410302978392975,4.832580332176996e-05,0.0032424511049274907,6.966461722465743e-05
2018-07-12,98,sse,0.023733457574500405,4.4066286650850905e-05,0.0027670796588944446,4.151996236688815e-05
2018-07-13,99,sse,0.020568720472399327,3.98459709820691e-05,0.002410789660796553,6.0348171430377874e-05
2018-07-14,100,sse,0.017739806979251482,3.465123203810427e-05,0.002098026826447996,3.375072231853602e-05
2018-07-15,101,sse,0.01534187166180312,3.389184840197835e-05,0.0018075308940527224,3.175349231032007e-05
2018-07-16,102,sse,0.013268900751693624,1.6453680939810373e-05,0.001580625830294946,2.600386670339294e-05
2018-07-17,103,sse,0.011397085686695507,1.191670499404769e-05,0.0013324074321867663,1.9598411625608928e-05
2018-07-18,104,sse,0.009815359227209663,8.57261910869785e-06,0.0011140019349515917,1.305685082227591e-05
2018-07-19,105,sse,0.008488577136188558,1.0947664420858096e-05,0.0010015722078261513,1.1610177395239771e-05
2018-07-20,106,sse,0.007309312175331151,7.5547569995735925e-06,0.000857710997674066,1.2437309170090536e-05
2018-07-21,107,sse,0.00629685310929462,3.4845107907513333e-06,0.0007594546444081862,4.121936002632543e-06
2018-07-22,108,sse,0.0054159472727637326,1.0359590747273941e-05,0.0006385270125108811,1.2076516888027796e-05
2018-07-23,109,sse,0.004647645353625607,4.729230917957624e-06,0.0005406513178385364,1.3306077318177613e-05
2018-07-24,110,sse,0.0039914520457901,5.466561511958192e-06,0.0004672987075935442,7.611335235696485e-06
