date,day,model,risk_of_additional_cases,monte_carlo_standard_error,risk_of_additional_transmission,transmission_monte_carlo_standard_error,risk_of_sustained_transmission,sustained_transmission_monte_carlo_standard_error
2018-04-06,1,sse_so,0.2943949494634158,0.0033974246953353644,0.2552015940082719,0.00343072269520014,0.09763671755644021,0.003648109924039501
2018-04-07,2,sse_so,0.2827616668125704,0.003120454297393501,0.23052337615225238,0.002890444909549233,0.0897006454639323,0.001427473590670993
2018-04-08,3,sse_so,0.8967550407254824,0.0009160132170383587,0.7626283379710841,0.0032368729096938025,0.4428179687002717,0.005943685530354548
2018-04-09,4,sse_so,0.8701246786421344,0.001656205349268013,0.7140714686402687,0.0015267561048953068,0.40611470899099267,0.002916228143968237
2018-04-10,5,sse_so,0.8379602939604373,0.003253875003848438,0.6597599073755731,0.005101677830653105,0.3572174694282042,0.008864228506828943
2018-04-11,6,sse_so,0.8019541755136619,0.0026974878210174564,0.6041099009791884,0.003442304031712717,0.30918471109294,0.004479862727028648
2018-04-12,7,sse_so,0.9971723713242536,0.0002004358259708643,0.9499979267912624,0.0019475779417254461,0.7137639146594141,0.006286300417581486
2018-04-13,8,sse_so,0.9983476675085129,0.00010892594799065376,0.957195498490366,0.0009497603280177667,0.7454677206706601,0.004416492970004752
2018-04-14,9,sse_so,0.9960548533942893,0.00016784510240262952,0.9291057535400624,0.001590060052332101,0.6669918239189929,0.006994622945187319
2018-04-15,10,sse_so,0.9916407471483815,0.0002703402134175363,0.89137891382468,0.0028902030541354865,0.5911924849771881,0.005386742931466424
2018-04-16,11,sse_so,0.9849886642843212,0.00047113977319432376,0.8540115356797315,0.0035903198308198524,0.5329298561098454,0.006994027424394144
2018-04-17,12,sse_so,0.9734996123872623,0.00045347619673142186,0.799120836202114,0.0009225095674962954,0.452606935715554,0.0011680913381140118
2018-04-18,13,sse_so,0.983757066011898,0.00041966511559230336,0.8555532095595614,0.0010652489493129078,0.5283630566585482,0.006939148162554721
2018-04-19,14,sse_so,0.989578058353688,0.00017701003935302904,0.8959575025090184,0.0014595118128444343,0.5945970683688457,0.005560911902892077
2018-04-20,15,sse_so,0.9931590472138246,0.0001242256697371423,0.9180886550301685,0.0008141397819325527,0.6399434858284465,0.005629550792686049
2018-04-21,16,sse_so,0.9951432539982887,0.00011125211621952531,0.9332542543451267,0.0014699452388969084,0.6781933178085642,0.0037443928164788026
2018-04-22,17,sse_so,0.989871150074836,0.00022682323486365182,0.8955280752788284,0.0027517736058878983,0.5847136060545807,0.005284837038124562
2018-04-23,18,sse_so,0.992558311143198,0.00021796303916465508,0.9186576473116994,0.0011106345604444427,0.6269058938723446,0.0031112442565180125
2018-04-24,19,sse_so,0.9955747132300723,0.00022672259720233034,0.9422477086175578,0.0009723851963645857,0.6823312201574386,0.003964388339563094
2018-04-25,20,sse_so,0.9964227144724344,0.00015434012570132984,0.9531156219089928,0.0018689742445050777,0.7086485170097054,0.006727487727105722
2018-04-26,21,sse_so,0.991791541789267,0.0003471799629919361,0.9162737076098265,0.0015216659171763322,0.6186436998296123,0.001527760783654913
2018-04-27,22,sse_so,0.9948581661547314,0.00032645711750034165,0.9394099163847547,0.002793311431983706,0.664358912196999,0.005667081057301154
2018-04-28,23,sse_so,0.9888208746430224,0.0003249295850376104,0.9017988961399326,0.0018929689955142143,0.5698842202296563,0.004223288457120139
2018-04-29,24,sse_so,0.9794846890829102,0.0008804086334573502,0.8520316077515999,0.003599401784388386,0.4845818770781204,0.005151612330923978
2018-04-30,25,sse_so,0.962809579915225,0.0014993936304274972,0.7889057729508626,0.005335722798826098,0.40022675207562486,0.004964782231214827
2018-05-01,26,sse_so,0.9929761588822507,0.0002805941395862111,0.9322081591533858,0.0010447646251327061,0.6098307120117202,0.006699647419837347
2018-05-02,27,sse_so,0.9855582488820253,0.0012652013346915172,0.8911979333830267,0.0033113715454962398,0.5252762299092582,0.0023394889156630725
2018-05-03,28,sse_so,0.9972932681797122,0.00017757999759191392,0.9617499789391477,0.0007729029972869667,0.6856214821651819,0.004419496488148151
2018-05-04,29,sse_so,0.9999955793030105,2.4657314812140517e-06,0.9985771582816921,0.00019882683725935604,0.9302514723091938,0.0018630744947256122
2018-05-05,30,sse_so,0.9999992811734529,1.0615438367303839e-07,0.9986032418995259,0.00019259753369285868,0.9305936820180535,0.0033049056980933625
2018-05-06,31,sse_so,0.9999988931472209,1.672020820225082e-07,0.9979102561931738,0.00017762118422594376,0.9109625426909941,0.0027744687512676037
2018-05-07,32,sse_so,0.9999975355089231,5.343835281261115e-07,0.9967214157138052,0.000199607507323453,0.885191859213906,0.00461292336039465
2018-05-08,33,sse_so,0.9999965043207358,4.071763262627956e-07,0.9957561542839605,0.000505804495209859,0.8747230849279157,0.003577385048662889
2018-05-09,34,sse_so,0.9999617784565729,2.449244075853237e-06,0.9894366287223658,0.0003139181123882044,0.810203960370804,0.008454508858471087
2018-05-10,35,sse_so,0.9999950550566606,7.664000581819757e-07,0.9955653680137626,0.0003258197903039149,0.8640926420606324,0.002529683399857709
2018-05-11,36,sse_so,0.9999678523800951,3.3041166402698796e-06,0.9888378139114595,0.0007311255304224754,0.8128120678282174,0.004090814925307698
2018-05-12,37,sse_so,0.9999412508403372,7.85219343064259e-06,0.9865903264649426,0.000551066711942773,0.7941126510484087,0.0075946301758552815
2018-05-13,38,sse_so,0.9999573229501832,1.0021731012117786e-05,0.9908028540569814,0.0004397470972838643,0.8225586645929344,0.0021070206110484955
2018-05-14,39,sse_so,0.9999836074527965,3.4839653282161764e-06,0.993106051098118,0.00043432414688221167,0.835669683895969,0.004962489423828646
2018-05-15,40,sse_so,0.9999953327183593,5.408734369038059e-07,0.9963744325433,0.0005290420209298441,0.8680493614670604,0.004402443025162256
2018-05-16,41,sse_so,0.9999981210510395,5.629190330219879e-07,0.9983147924181187,0.0002760900749082327,0.8948104426125487,0.0017004939732621041
2018-05-17,42,sse_so,0.9999918064406081,1.4163742770265145e-06,0.9955401377561992,0.00019654322041749272,0.8662038984018761,0.0017587973542079875
2018-05-18,43,sse_so,0.9999941018438591,8.298038941680069e-07,0.9961383815833948,0.000304687003662231,0.8808119505183303,0.0012368438145073744
2018-05-19,44,sse_so,0.9999959611840358,4.676397371619802e-07,0.997147832684869,0.00032859634892707084,0.8833142568157551,0.005055870836102466
2018-05-20,45,sse_so,0.9999970001394671,1.2729710489886708e-06,0.9984191499085577,0.0003082057349791949,0.9018167286279646,0.002514207140416845
2018-05-21,46,sse_so,0.9999986039379323,3.5339828337182003e-07,0.9985460363873594,0.00012789129648333792,0.9003098801046528,0.003455669727114292
2018-05-22,47,sse_so,0.9999939549448883,6.39963193882253e-07,0.9967951688824129,0.00014527859478641404,0.8902385964913916,0.0036403121315377964
2018-05-23,48,sse_so,0.9999545666763926,4.575247036615186e-06,0.9917350144438061,0.0004337387390279121,0.8616903684994517,0.0015238902921181833
2018-05-24,49,sse_so,0.9998187427607268,5.966928492616961e-06,0.9833984369860893,0.000893488690646707,0.8287737564418658,0.003597529291616558
2018-05-25,50,sse_so,0.999422588934641,2.942511561826162e-05,0.9711928320612709,0.0011177028988456847,0.800047506837416,0.005832203016763361
2018-05-26,51,sse_so,0.9984126987047767,5.946028166792807e-05,0.9549886242068982,0.0017122131569771958,0.7728001935098814,0.003456987045502481
2018-05-27,52,sse_so,0.9959848981194697,6.020981144272346e-05,0.9262395159823862,0.0016678102531686584,0.712709549499317,0.005033017619246185
2018-05-28,53,sse_so,0.9962092194902856,8.594114824947424e-05,0.9382794794941206,0.0007579362674032015,0.7242744128298371,0.003980587386111305
2018-05-29,54,sse_so,0.9921987755883189,5.8105823295049275e-05,0.9080085867980802,0.001608902198858973,0.686932112171579,0.0035013664681807
2018-05-30,55,sse_so,0.9843374758962934,0.00031249699653304586,0.8708438077055662,0.00348544354372483,0.6355319249545672,0.006094127676530326
2018-05-31,56,sse_so,0.9723251760956549,0.0012049700888909487,0.8216604313648926,0.0063158251778736695,0.5783800280837436,0.008770585073325187
2018-06-01,57,sse_so,0.9561578200067244,0.0009723711865634678,0.78043927329178,0.005927052628735985,0.5351654553042684,0.009677798138292006
2018-06-02,58,sse_so,0.9671949452974559,0.0012988904889090535,0.8364752325089527,0.0076957821898540665,0.5934423254099916,0.014622749024676505
2018-06-03,59,sse_so,0.948876739754686,0.0005752974608927456,0.790331996255959,0.0021495719921979344,0.5453547195616526,0.0011671490584334505
2018-06-04,60,sse_so,0.919954519950367,0.0025461046358634986,0.724440899104614,0.00801079273289389,0.4788747513974557,0.010083324812980902
2018-06-05,61,sse_so,0.8909250134827911,0.0014959414391525132,0.6765915160222123,0.005323681611254013,0.4423048039199755,0.006253045029856831
2018-06-06,62,sse_so,0.8562997186543531,0.0034572584008912906,0.6283357978318637,0.009773095696001355,0.4014057834742851,0.012654324169786908
2018-06-07,63,sse_so,0.8130701647018121,0.005586592309681894,0.5721041159046925,0.013110795033908138,0.36156595760323806,0.013259986943457602
2018-06-08,64,sse_so,0.7712662258192242,0.0020753815442620957,0.5263191696193119,0.0026457657365172977,0.32990049804272603,0.0025579679670836267
2018-06-09,65,sse_so,0.7191768729910932,0.001838552763456568,0.46787035533685006,0.0031296567645732144,0.2843864353060529,0.002972267202240192
2018-06-10,66,sse_so,0.6658580970845819,0.003063380340616981,0.4187795984729502,0.005261531008059491,0.2540260674729008,0.005444694233476272
2018-06-11,67,sse_so,0.6148899211201456,0.0037376257907808194,0.3768734419855484,0.005686400976239126,0.22645402453903885,0.005168344909252383
2018-06-12,68,sse_so,0.5643319750836062,0.0008064814371299124,0.33544162880298145,0.002380151297185381,0.2015909437150335,0.002822411052883043
2018-06-13,69,sse_so,0.508576264146424,0.00391339386376301,0.28551826501231004,0.00630120993239856,0.1645360886975905,0.00578030863899641
2018-06-14,70,sse_so,0.4653767506785268,0.0015654924956666648,0.2628014236409172,0.0027534718170071906,0.1562509247079218,0.002708863041732228
2018-06-15,71,sse_so,0.41749852246361785,0.003800669428735095,0.22643309127364197,0.004855199854459055,0.13108820196432613,0.0036307185960401745
2018-06-16,72,sse_so,0.3732791259874797,0.0010780213062589956,0.19974003810705832,0.0023438583313981,0.11647954418439088,0.002422093725686976
2018-06-17,73,sse_so,0.32708949295192036,0.0029387200035980686,0.16544873142042638,0.0036306916573791608,0.09355100077787315,0.0028473732808759365
2018-06-18,74,sse_so,0.29367034626673005,0.002648860190195897,0.14958722567245608,0.003265880850182706,0.0864532705775315,0.0028765658287265503
2018-06-19,75,sse_so,0.25909312804349816,0.0014194906987474631,0.1288084302863809,0.000901004737608821,0.07359168154970763,0.0007094271380474979
2018-06-20,76,sse_so,0.23164791942713792,0.0023032126931684903,0.11598360548177578,0.0027658395417581878,0.06711025227267853,0.001953641581702381
2018-06-21,77,sse_so,0.2039297776497725,0.0008847072774110424,0.10054103700978323,0.001207201450768755,0.05812726392127743,0.0011332693201365701
2018-06-22,78,sse_so,0.1782282916095259,0.0014863697471425392,0.08615639410682063,0.0011613792392935957,0.048960166352451706,0.0007197649870612793
2018-06-23,79,sse_so,0.15684274547251975,0.0011654218599291936,0.0745795274537927,0.0011825715937228995,0.04246555420642528,0.0009254254822595154
2018-06-24,80,sse_so,0.13468307888244402,0.0008154344701289968,0.0623548040252474,0.0009611727588734381,0.035218817100829525,0.0008673214829766977
2018-06-25,81,sse_so,0.11902571835404174,0.0010989501407340425,0.05561111210043723,0.0009876678839497892,0.031904683815360935,0.0006673089911927404
2018-06-26,82,sse_so,0.1019539534871653,0.0011144171397725728,0.04618072283087504,0.0010317139033450232,0.02584984441199878,0.0007633100169069959
2018-06-27,83,sse_so,0.09058763914395185,0.0004222973417815775,0.041624288527448705,0.00029891124042398986,0.02366880567173968,0.00019315878394432316
2018-06-28,84,sse_so,0.07907838178569437,0.0010873921416947082,0.03669729781159614,0.0010589959920563566,0.021203711011641646,0.0008891394978752066
2018-06-29,85,sse_so,0.06786256305850302,0.0011353815775145767,0.03089116872441544,0.0013105312892860996,0.01749628121661262,0.0011200389097041606
2018-06-30,86,sse_so,0.05878488722832731,0.0005917609447490924,0.026252113051626447,0.0005374718100207719,0.014818135304853541,0.0004222104175475143
2018-07-01,87,sse_so,0.050870967632322905,0.0008552660512333801,0.02254857011950029,0.0009173162932307583,0.012630042143197184,0.0007203819532908765
2018-07-02,88,sse_so,0.04382710980779414,0.000676988925519643,0.019334430561988247,0.000655003087388441,0.010844739013255111,0.0004832591705785964
2018-07-03,89,sse_so,0.03764203962527268,0.0004998620132946343,0.016436786237002954,0.00047653839406384686,0.009271769735258784,0.00037221451394700886
2018-07-04,90,sse_so,0.03317893873967692,0.00022878518256646112,0.014886202995472608,0.00021664764626453967,0.00858402819795534,0.00015294650593586495
2018-07-05,91,sse_so,0.02851421248580277,0.00015878232060614984,0.012574659150616285,0.00019712634605054631,0.00715990637750652,0.00016959905260628693
2018-07-06,92,sse_so,0.024593397438470332,0.00010542734558554413,0.010779448945175352,0.00010163177523490951,0.006065940549941695,8.37363309489419e-05
2018-07-07,93,sse_so,0.02097221951544359,0.00023184108321430168,0.009122214121936256,0.00022110963056026572,0.005176997708689068,0.00016375717742220166
2018-07-08,94,sse_so,0.018258790118576784,0.00013481512737879495,0.007974610956133832,0.00012296299316077653,0.0045195466187073485,9.562949284535174e-05
2018-07-09,95,sse_so,0.01583177137701175,0.00023109015855080414,0.0069121584714137985,0.00020745033218164713,0.0039149860459414265,0.0001396675216274036
2018-07-10,96,sse_so,0.013590557295923844,0.00013714450748381058,0.005870678916622629,0.00011790276275055485,0.0033023274396783986,8.207181031648318e-05
2018-07-11,97,sse_so,0.011533096652016184,1.876293838021503e-05,0.004877251853301123,3.2509666929565187e-05,0.0027124042296540196,3.923875374503916e-05
2018-07-12,98,sse_so,0.010209988737709619,9.515588511299637e-05,0.004523919636296281,7.745618252548953e-05,0.002624050286282098,6.871361507864637e-05
2018-07-13,99,sse_so,0.008585482608415962,5.500997009494832e-05,0.003693291658569242,4.118226790695974e-05,0.002096017957145646,3.242750345900237e-05
2018-07-14,100,sse_so,0.007378067824280854,6.559603351645285e-05,0.0031948805083186205,6.4137042117478e-05,0.001830243133435494,5.463765267804509e-05
2018-07-15,101,sse_so,0.006254306745241522,5.554971957059887e-05,0.002653299424924316,5.688669162303493e-05,0.0015122780450337325,4.923176655979842e-05
2018-07-16,102,sse_so,0.005437109396053574,5.061614382794004e-05,0.0023631045854662913,4.0814349940854817e-05,0.0013659028629631198,2.3838834283735826e-05
2018-07-17,103,sse_so,0.004755390229590262,5.622101491109099e-05,0.0020891456509773976,5.75127059939607e-05,0.0012060064804245707,4.564527641602252e-05
2018-07-18,104,sse_so,0.004046083985089433,4.109343775755573e-05,0.0017599831290070478,2.760589519862375e-05,0.0010176281257483488,1.96980869543769e-05
2018-07-19,105,sse_so,0.003405097207545671,1.9385066911003056e-05,0.0014444857346864737,1.2961280104786894e-05,0.0008194753718494541,1.0031834265298446e-05
2018-07-20,106,sse_so,0.0029435839315805623,1.1619524476199538e-05,0.0012580991458204238,1.669453047266257e-05,0.0007216485010713702,1.5708753267683065e-05
2018-07-21,107,sse_so,0.002490912069446627,1.0426432725700443e-05,0.001044057894256878,5.054345484074104e-06,0.0005819518921980071,5.363925369607991e-06
2018-07-22,108,sse_so,0.002138209547640213,1.9045299946345642e-05,0.0008859109034454749,1.7510972462842915e-05,0.0004940402904851648,1.2466278273786295e-05
2018-07-23,109,sse_so,0.0018605168170233721,1.8984330618436755e-05,0.0007895482327771042,1.4557166370911708e-05,0.0004497345330786162,9.779955668299602e-06
2018-07-24,110,sse_so,0.0016032870522635356,3.0012530154656727e-05,0.0006969244334018576,3.079889740618343e-05,0.00040711331538678674,2.4939873872279697e-05
